product_id,product_name,category,price
P0001,Either,Snacks,444
P0002,Figure,Beverages,473
P0003,Until,Snacks,315
P0004,Exactly,Dairy,380
P0005,Under,Grocery,43
P0006,To,Dairy,415
P0007,Would,Snacks,60
P0008,Future,Dairy,463
P0009,Hair,Grocery,214
P0010,Federal,Snacks,252
P0011,Report,Snacks,103
P0012,Vote,Snacks,201
P0013,Pattern,Dairy,363
P0014,Possible,Snacks,379
P0015,Something,Grocery,331
P0016,Bit,Dairy,293
P0017,There,Dairy,103
P0018,Six,Personal Care,214
P0019,Over,Snacks,493
P0020,Participant,Beverages,132
P0021,Option,Snacks,451
P0022,Ok,Grocery,137
P0023,All,Grocery,432
P0024,Nearly,Snacks,225
P0025,Second,Snacks,53
P0026,Agency,Dairy,487
P0027,Manage,Beverages,468
P0028,Wall,Snacks,128
P0029,Continue,Personal Care,222
P0030,Production,Personal Care,93
P0031,Man,Snacks,91
P0032,My,Dairy,401
P0033,Section,Beverages,295
P0034,Different,Snacks,402
P0035,Tough,Beverages,239
P0036,Country,Beverages,224
P0037,Security,Snacks,132
P0038,Girl,Dairy,280
P0039,First,Personal Care,66
P0040,That,Grocery,460
P0041,Responsibility,Grocery,98
P0042,Behavior,Dairy,425
P0043,Adult,Personal Care,325
P0044,Spend,Grocery,217
P0045,Talk,Personal Care,325
P0046,Allow,Personal Care,290
P0047,Have,Snacks,303
P0048,Cup,Grocery,368
P0049,Certain,Grocery,369
P0050,Behavior,Beverages,404
P0051,Remain,Snacks,413
P0052,Eye,Snacks,77
P0053,Debate,Snacks,242
P0054,Interview,Dairy,252
P0055,Purpose,Grocery,389
P0056,Interesting,Snacks,276
P0057,Investment,Dairy,279
P0058,Middle,Grocery,465
P0059,Already,Snacks,450
P0060,Focus,Beverages,331
P0061,Meeting,Dairy,98
P0062,New,Snacks,410
P0063,Property,Dairy,296
P0064,Hard,Beverages,490
P0065,Throughout,Grocery,326
P0066,Offer,Snacks,270
P0067,Right,Grocery,77
P0068,Speech,Snacks,469
P0069,High,Snacks,142
P0070,Move,Grocery,143
P0071,View,Beverages,60
P0072,Despite,Grocery,394
P0073,Up,Personal Care,437
P0074,High,Grocery,409
P0075,Sometimes,Beverages,412
P0076,Agreement,Dairy,85
P0077,Collection,Personal Care,301
P0078,Once,Dairy,155
P0079,Game,Beverages,466
P0080,Money,Beverages,236
P0081,Lose,Dairy,495
P0082,Ago,Beverages,406
P0083,Same,Dairy,385
P0084,No,Snacks,224
P0085,Nation,Snacks,244
P0086,Out,Beverages,251
P0087,Move,Grocery,146
P0088,Role,Dairy,52
P0089,Group,Snacks,30
P0090,Institution,Beverages,303
P0091,Court,Dairy,321
P0092,House,Dairy,23
P0093,Admit,Grocery,382
P0094,Him,Grocery,137
P0095,Professional,Grocery,483
P0096,Room,Grocery,460
P0097,Memory,Snacks,56
P0098,Attorney,Beverages,141
P0099,Organization,Snacks,362
P0100,Be,Personal Care,129
P0101,Approach,Beverages,87
P0102,Wide,Beverages,315
P0103,Television,Personal Care,144
P0104,Still,Personal Care,433
P0105,Agency,Personal Care,117
P0106,Nearly,Grocery,69
P0107,Boy,Personal Care,201
P0108,Road,Personal Care,230
P0109,Better,Personal Care,462
P0110,Yes,Grocery,364
P0111,Go,Grocery,51
P0112,Life,Personal Care,392
P0113,Phone,Snacks,429
P0114,Store,Grocery,147
P0115,Example,Dairy,117
P0116,Expect,Beverages,249
P0117,Nice,Dairy,236
P0118,Left,Dairy,162
P0119,Leader,Personal Care,147
P0120,Pick,Grocery,246
P0121,Catch,Beverages,70
P0122,Debate,Grocery,353
P0123,His,Beverages,448
P0124,Expect,Grocery,67
P0125,Talk,Dairy,105
P0126,Series,Personal Care,268
P0127,North,Personal Care,129
P0128,Trip,Personal Care,482
P0129,Collection,Grocery,104
P0130,Picture,Personal Care,21
P0131,Heart,Personal Care,155
P0132,Official,Personal Care,166
P0133,Note,Personal Care,376
P0134,Account,Beverages,358
P0135,Tonight,Personal Care,99
P0136,Measure,Dairy,171
P0137,Plant,Dairy,49
P0138,Develop,Beverages,396
P0139,Wait,Beverages,51
P0140,Admit,Snacks,49
P0141,Step,Grocery,319
P0142,Who,Personal Care,277
P0143,Seek,Beverages,100
P0144,Future,Grocery,280
P0145,Eye,Grocery,455
P0146,Development,Dairy,55
P0147,Rate,Beverages,54
P0148,Bag,Dairy,226
P0149,Person,Grocery,475
P0150,Hair,Beverages,146
P0151,Attention,Beverages,324
P0152,Hot,Grocery,337
P0153,Manage,Grocery,234
P0154,Away,Beverages,309
P0155,Coach,Beverages,181
P0156,Even,Snacks,124
P0157,However,Snacks,142
P0158,By,Snacks,222
P0159,Reflect,Dairy,363
P0160,Natural,Snacks,254
P0161,News,Snacks,495
P0162,Soldier,Grocery,24
P0163,Improve,Personal Care,338
P0164,Behavior,Beverages,71
P0165,Process,Grocery,295
P0166,Common,Dairy,279
P0167,Across,Snacks,87
P0168,Civil,Snacks,471
P0169,Always,Grocery,470
P0170,White,Dairy,209
P0171,Win,Snacks,100
P0172,Someone,Personal Care,446
P0173,White,Beverages,380
P0174,Reveal,Snacks,333
P0175,In,Beverages,24
P0176,Option,Beverages,173
P0177,Wear,Grocery,500
P0178,Scientist,Dairy,155
P0179,Recognize,Grocery,475
P0180,Charge,Grocery,400
P0181,Attorney,Beverages,99
P0182,Market,Snacks,164
P0183,Born,Beverages,127
P0184,Business,Snacks,124
P0185,Push,Snacks,278
P0186,Young,Personal Care,148
P0187,Week,Grocery,67
P0188,Can,Personal Care,444
P0189,Join,Snacks,42
P0190,Reach,Grocery,190
P0191,Class,Dairy,346
P0192,Expect,Snacks,102
P0193,Condition,Personal Care,302
P0194,Artist,Personal Care,307
P0195,I,Grocery,77
P0196,East,Grocery,472
P0197,Example,Dairy,299
P0198,Structure,Grocery,447
P0199,Deal,Snacks,318
P0200,Something,Beverages,95
P0201,Spend,Personal Care,85
P0202,Keep,Grocery,177
P0203,Child,Snacks,480
P0204,Major,Grocery,480
P0205,Product,Snacks,127
P0206,East,Dairy,361
P0207,Surface,Grocery,201
P0208,Happen,Beverages,472
P0209,Interesting,Personal Care,337
P0210,Believe,Dairy,493
P0211,Talk,Dairy,462
P0212,Agree,Dairy,429
P0213,But,Dairy,471
P0214,Recognize,Personal Care,32
P0215,Usually,Dairy,397
P0216,Student,Snacks,420
P0217,Mrs,Personal Care,430
P0218,Almost,Dairy,156
P0219,Thing,Dairy,423
P0220,Record,Grocery,215
P0221,Not,Grocery,459
P0222,Firm,Personal Care,133
P0223,Over,Dairy,438
P0224,Matter,Personal Care,199
P0225,Man,Snacks,440
P0226,Share,Dairy,134
P0227,Young,Grocery,357
P0228,Director,Dairy,224
P0229,Word,Snacks,162
P0230,Because,Grocery,415
P0231,Someone,Snacks,199
P0232,Draw,Beverages,224
P0233,Left,Beverages,189
P0234,Article,Grocery,79
P0235,Day,Snacks,111
P0236,Debate,Beverages,155
P0237,Fight,Grocery,75
P0238,Or,Beverages,242
P0239,Major,Snacks,393
P0240,Song,Snacks,243
P0241,Character,Beverages,281
P0242,Individual,Grocery,217
P0243,Music,Beverages,117
P0244,TRUE,Snacks,42
P0245,Fact,Personal Care,20
P0246,Social,Beverages,493
P0247,Reality,Beverages,371
P0248,Protect,Dairy,206
P0249,Strong,Personal Care,55
P0250,Other,Snacks,339
P0251,Behind,Snacks,359
P0252,Number,Grocery,388
P0253,His,Snacks,279
P0254,Card,Snacks,361
P0255,Idea,Personal Care,187
P0256,Fear,Personal Care,376
P0257,Certain,Snacks,303
P0258,Stage,Dairy,118
P0259,Join,Personal Care,360
P0260,Break,Personal Care,366
P0261,Fight,Dairy,335
P0262,Relationship,Beverages,174
P0263,Right,Personal Care,300
P0264,Hundred,Grocery,175
P0265,After,Snacks,127
P0266,Fear,Personal Care,422
P0267,Defense,Beverages,330
P0268,Former,Snacks,258
P0269,Prepare,Personal Care,246
P0270,So,Dairy,281
P0271,College,Personal Care,426
P0272,Piece,Dairy,357
P0273,Lot,Grocery,165
P0274,Deal,Beverages,359
P0275,Recognize,Beverages,191
P0276,Tend,Grocery,439
P0277,Including,Dairy,364
P0278,Medical,Snacks,135
P0279,Recently,Dairy,95
P0280,Debate,Grocery,43
P0281,Reflect,Dairy,263
P0282,Brother,Beverages,455
P0283,Treatment,Grocery,253
P0284,House,Personal Care,473
P0285,For,Beverages,119
P0286,Keep,Personal Care,273
P0287,National,Personal Care,144
P0288,Painting,Dairy,355
P0289,Tough,Grocery,477
P0290,Detail,Grocery,418
P0291,Full,Personal Care,132
P0292,One,Dairy,431
P0293,White,Beverages,257
P0294,History,Grocery,305
P0295,Challenge,Dairy,489
P0296,Similar,Grocery,253
P0297,Onto,Dairy,430
P0298,Move,Personal Care,361
P0299,Baby,Beverages,306
P0300,Across,Beverages,182
P0301,Ok,Personal Care,333
P0302,Suggest,Beverages,238
P0303,Minute,Beverages,248
P0304,Attention,Dairy,400
P0305,Military,Personal Care,250
P0306,Hundred,Snacks,404
P0307,Small,Dairy,450
P0308,Table,Snacks,412
P0309,Room,Beverages,268
P0310,Environment,Dairy,160
P0311,Gas,Personal Care,59
P0312,Ability,Snacks,140
P0313,Artist,Snacks,191
P0314,Knowledge,Snacks,477
P0315,Anyone,Beverages,61
P0316,Majority,Dairy,97
P0317,Training,Dairy,216
P0318,Can,Dairy,381
P0319,Provide,Dairy,52
P0320,Reduce,Personal Care,228
P0321,South,Snacks,297
P0322,Between,Personal Care,232
P0323,Sister,Grocery,125
P0324,Service,Personal Care,219
P0325,Forget,Beverages,376
P0326,Back,Grocery,458
P0327,Technology,Beverages,214
P0328,Form,Personal Care,23
P0329,These,Snacks,172
P0330,Dark,Personal Care,456
P0331,Thought,Personal Care,295
P0332,Thousand,Beverages,429
P0333,Much,Beverages,479
P0334,Who,Dairy,269
P0335,Audience,Dairy,159
P0336,Police,Personal Care,268
P0337,Watch,Grocery,219
P0338,Specific,Snacks,362
P0339,Benefit,Personal Care,390
P0340,Hand,Dairy,450
P0341,Relate,Personal Care,490
P0342,Leave,Dairy,338
P0343,State,Beverages,33
P0344,Hour,Personal Care,323
P0345,Expert,Beverages,359
P0346,Take,Grocery,62
P0347,Few,Personal Care,89
P0348,Sound,Personal Care,113
P0349,Power,Grocery,153
P0350,Minute,Personal Care,187
P0351,Discuss,Dairy,252
P0352,Reflect,Snacks,192
P0353,Relate,Personal Care,162
P0354,Bit,Personal Care,149
P0355,Especially,Grocery,260
P0356,Agent,Grocery,403
P0357,Father,Beverages,46
P0358,Civil,Snacks,134
P0359,Cover,Grocery,419
P0360,Party,Grocery,406
P0361,Appear,Grocery,146
P0362,Treat,Dairy,449
P0363,President,Grocery,338
P0364,Wear,Dairy,142
P0365,Work,Dairy,262
P0366,Partner,Grocery,308
P0367,Various,Dairy,258
P0368,Explain,Snacks,412
P0369,Series,Snacks,105
P0370,American,Beverages,330
P0371,No,Grocery,418
P0372,Others,Dairy,179
P0373,Born,Grocery,316
P0374,Indicate,Grocery,495
P0375,Year,Snacks,314
P0376,Manage,Personal Care,223
P0377,Direction,Dairy,58
P0378,Stock,Beverages,373
P0379,Hold,Dairy,72
P0380,Coach,Snacks,455
P0381,Game,Beverages,432
P0382,Black,Grocery,427
P0383,Responsibility,Beverages,420
P0384,Since,Grocery,197
P0385,Education,Beverages,239
P0386,Turn,Snacks,55
P0387,Reduce,Beverages,351
P0388,Lead,Snacks,26
P0389,Born,Personal Care,441
P0390,Affect,Personal Care,74
P0391,Price,Personal Care,205
P0392,Edge,Personal Care,382
P0393,Factor,Dairy,242
P0394,Since,Dairy,395
P0395,Range,Beverages,353
P0396,Whatever,Snacks,335
P0397,Company,Beverages,416
P0398,Admit,Personal Care,258
P0399,Usually,Personal Care,442
P0400,Speak,Beverages,157
P0401,Stuff,Snacks,456
P0402,Type,Dairy,445
P0403,Because,Grocery,162
P0404,Anything,Personal Care,144
P0405,Personal,Personal Care,311
P0406,Response,Beverages,362
P0407,From,Personal Care,192
P0408,Sea,Grocery,273
P0409,Own,Snacks,113
P0410,Bar,Personal Care,128
P0411,Write,Snacks,428
P0412,Likely,Snacks,194
P0413,Specific,Snacks,470
P0414,Statement,Beverages,379
P0415,First,Snacks,304
P0416,Ground,Grocery,284
P0417,Personal,Dairy,63
P0418,Research,Dairy,388
P0419,Smile,Personal Care,270
P0420,Charge,Beverages,408
P0421,Low,Dairy,373
P0422,All,Personal Care,350
P0423,Sense,Personal Care,249
P0424,Assume,Grocery,67
P0425,Yeah,Snacks,133
P0426,Develop,Personal Care,374
P0427,Education,Dairy,176
P0428,Her,Beverages,208
P0429,Economic,Personal Care,303
P0430,Middle,Beverages,196
P0431,Door,Personal Care,401
P0432,Adult,Beverages,189
P0433,Record,Snacks,379
P0434,Call,Personal Care,158
P0435,Why,Snacks,148
P0436,Spring,Dairy,81
P0437,Democrat,Dairy,181
P0438,Forward,Grocery,400
P0439,Expect,Beverages,410
P0440,May,Dairy,118
P0441,Few,Dairy,398
P0442,Religious,Personal Care,161
P0443,Chance,Beverages,409
P0444,Such,Beverages,325
P0445,War,Snacks,71
P0446,House,Dairy,171
P0447,Also,Dairy,204
P0448,Hope,Dairy,174
P0449,I,Grocery,382
P0450,Threat,Beverages,84
P0451,Little,Snacks,43
P0452,Example,Grocery,303
P0453,Themselves,Snacks,377
P0454,News,Dairy,346
P0455,Movie,Personal Care,72
P0456,On,Grocery,313
P0457,Movie,Snacks,260
P0458,Follow,Personal Care,245
P0459,Upon,Snacks,114
P0460,Near,Grocery,149
P0461,Soldier,Personal Care,78
P0462,Action,Grocery,225
P0463,Travel,Personal Care,57
P0464,Learn,Beverages,342
P0465,Left,Grocery,97
P0466,Couple,Dairy,435
P0467,We,Beverages,175
P0468,Finish,Grocery,147
P0469,Last,Grocery,305
P0470,Employee,Personal Care,330
P0471,Top,Beverages,424
P0472,Building,Beverages,135
P0473,Card,Beverages,214
P0474,Address,Personal Care,485
P0475,Require,Personal Care,172
P0476,Job,Beverages,239
P0477,Season,Snacks,311
P0478,Low,Beverages,50
P0479,Feel,Beverages,398
P0480,Or,Grocery,410
P0481,Most,Dairy,340
P0482,Ever,Dairy,155
P0483,Personal,Grocery,100
P0484,Than,Dairy,108
P0485,Need,Beverages,58
P0486,World,Dairy,21
P0487,Give,Personal Care,250
P0488,Write,Beverages,260
P0489,Road,Snacks,36
P0490,Reach,Dairy,167
P0491,Power,Snacks,379
P0492,Think,Personal Care,56
P0493,All,Dairy,493
P0494,Art,Snacks,423
P0495,Check,Beverages,358
P0496,Real,Dairy,237
P0497,Fall,Grocery,298
P0498,Factor,Dairy,351
P0499,Field,Dairy,485
P0500,Pattern,Snacks,443
